PLAYER,POS,TEAM,OPP,SAL,FPTS,VAL,MIN EXP,MAX EXP,Home?,DEPTH,INJ,TM Score,Win %,ML,O/U,SPRD,Proj PA,Proj RA,Proj TAR,TOUCHES,TOUCHES/$,Comp,Comp %,INT,Pass Att,Pass TD,Pass Yds,YPA,AVG,Rush Att,Rush TD,Rush Yds,Cat %,Rec TD,Rec Yds,REC,TAR,YPC,YPT
Mason Heintschel,QB/SUPERFLEX,PITT,VATECH,8000,19.19,2.4,0,100,No,1,,26.25,46.8,107,54.5,2.0,32.0,8.5,0.0,8.5,5.1,22.0,67.7,0.3,32.5,3.3,297.8,9.2,4.2,6.5,0.3,27.5,,,,,,,
Luke Reynolds,WR/FLEX/SUPERFLEX,VATECH,PITT,5800,17.55,3.03,0,100,Yes,1,,28.25,46.8,-128,54.5,-2.0,0.0,0.0,8.5,8.5,1.5,0.0,0.0,0.0,0.0,0.0,0.0,0.0,0.5,1.0,0.0,0.5,83.3,1.0,70.0,7.5,9.0,9.3,7.8
Ja'Kyrian Turner,RB/FLEX/SUPERFLEX,PITT,VATECH,6100,17.26,2.83,0,100,No,1,PRO,26.25,46.8,107,54.5,2.0,0.0,15.0,3.6,18.6,3.1,0.0,0.0,0.0,0.0,0.0,0.0,0.0,3.5,11.0,0.0,39.0,100.0,1.0,69.0,4.0,4.0,17.3,17.3
Aidan Chiles,QB/SUPERFLEX,NW,PSU,7100,17.24,2.43,0,100,Yes,1,,22,55.3,116,46.5,2.5,25.0,7.8,0.0,7.8,4.6,17.7,70.7,0.0,25.0,2.0,269.0,10.8,0.7,10.0,1.3,6.7,,,,,,,
Ethan Grunkemeyer,QB/SUPERFLEX,VATECH,PITT,7600,16.85,2.22,0,100,Yes,1,,28.25,46.8,-128,54.5,-2.0,34.0,5.8,0.0,5.8,5.2,25.3,74.3,0.0,34.0,2.0,253.0,7.4,-0.6,3.8,0.5,-2.3,,,,,,,
Rocco Becht,QB/SUPERFLEX,PSU,NW,6900,16.2,2.35,0,100,No,1,,24.5,55.3,-140,46.5,-2.5,24.0,6.1,0.0,6.1,4.4,14.3,61.3,0.3,23.3,2.3,216.3,9.3,1.1,5.0,0.3,5.5,,,,,,,
Jeffrey Overton,RB/FLEX/SUPERFLEX,VATECH,PITT,6000,15.14,2.52,0,100,Yes,1,,28.25,46.8,-128,54.5,-2.0,0.0,14.5,1.9,16.4,2.7,0.0,0.0,0.0,0.0,0.0,0.0,0.0,6.8,15.0,1.0,102.3,76.9,0.3,38.0,3.3,4.3,11.4,8.8
Que'Sean Brown,WR/FLEX/SUPERFLEX,VATECH,PITT,5300,15.05,2.84,0,100,Yes,1,,28.25,46.8,-128,54.5,-2.0,0.0,1.3,8.5,9.8,1.8,0.0,0.0,0.0,0.0,0.0,0.0,0.0,,,,,76.5,0.3,56.0,6.5,8.5,8.6,6.6
Marcellous Hawkins,RB/FLEX/SUPERFLEX,VATECH,PITT,5100,11.9,2.33,0,100,Yes,2,,28.25,46.8,-128,54.5,-2.0,0.0,12.0,1.4,13.4,2.6,0.0,0.0,0.0,0.0,0.0,0.0,0.0,4.2,12.3,1.0,51.5,100.0,0.0,16.5,2.0,2.0,8.3,8.3
Cataurus Hicks,WR/FLEX/SUPERFLEX,PITT,VATECH,5600,11.73,2.09,0,100,No,1,,26.25,46.8,107,54.5,2.0,0.0,0.3,6.5,6.8,1.2,0.0,0.0,0.0,0.0,0.0,0.0,0.0,,,,,48.0,0.3,63.0,3.0,6.3,21.0,10.1
La'Vell Wright,RB/FLEX/SUPERFLEX,PITT,VATECH,4800,11.48,2.39,0,100,No,3,,26.25,46.8,107,54.5,2.0,0.0,9.0,4.0,13.0,2.7,0.0,0.0,0.0,0.0,0.0,0.0,0.0,4.5,10.3,0.3,47.0,42.9,0.0,16.5,1.5,3.5,11.0,4.7
Griffin Wilde,WR/FLEX/SUPERFLEX,NW,PSU,6100,11.03,1.81,0,100,Yes,1,,22,55.3,116,46.5,2.5,0.0,0.2,5.0,5.2,0.9,0.0,0.0,0.0,0.0,0.0,0.0,0.0,,,,,87.5,0.7,81.7,4.7,5.3,17.5,15.3
Chase Sowell,WR/FLEX/SUPERFLEX,PSU,NW,5500,10.89,1.98,0,100,No,2,,24.5,55.3,-140,46.5,-2.5,0.0,0.0,6.5,6.5,1.2,0.0,0.0,0.0,0.0,0.0,0.0,0.0,,,,,70.0,0.3,49.0,3.5,5.0,14.0,9.8
Carson Hansen,RB/FLEX/SUPERFLEX,PSU,NW,6800,9.64,1.42,0,100,No,1,,24.5,55.3,-140,46.5,-2.5,0.0,11.0,1.5,12.5,1.8,0.0,0.0,0.0,0.0,0.0,0.0,0.0,4.6,9.8,0.3,45.0,100.0,0.0,13.0,2.0,2.0,6.5,6.5
James Peoples,RB/FLEX/SUPERFLEX,PSU,NW,5600,9.39,1.68,0,100,No,2,,24.5,55.3,-140,46.5,-2.5,0.0,11.0,1.1,12.1,2.2,0.0,0.0,0.0,0.0,0.0,0.0,0.0,5.4,9.3,0.5,49.8,,,,,,,
Censere Lee,WR/FLEX/SUPERFLEX,PITT,VATECH,5700,8.92,1.56,0,100,No,2,,26.25,46.8,107,54.5,2.0,0.0,0.2,4.5,4.7,0.8,0.0,0.0,0.0,0.0,0.0,0.0,0.0,,,,,68.4,1.0,40.0,3.3,4.8,12.3,8.4
Brett Eskildsen,WR/FLEX/SUPERFLEX,PSU,NW,4800,8.69,1.81,0,100,No,3,,24.5,55.3,-140,46.5,-2.5,0.0,0.0,5.0,5.0,1.0,0.0,0.0,0.0,0.0,0.0,0.0,0.0,,,,,52.9,0.3,20.8,2.3,4.3,9.2,4.9
Carson Kent,WR/FLEX/SUPERFLEX,PITT,VATECH,4300,8.4,1.95,0,100,No,1,,26.25,46.8,107,54.5,2.0,0.0,0.0,4.5,4.5,1.0,0.0,0.0,0.0,0.0,0.0,0.0,0.0,,,,,78.6,0.3,38.5,2.8,3.5,14.0,11.0
Ayden Greene,WR/FLEX/SUPERFLEX,VATECH,PITT,4000,8.28,2.07,0,100,Yes,2,,28.25,46.8,-128,54.5,-2.0,0.0,0.0,4.0,4.0,1.0,0.0,0.0,0.0,0.0,0.0,0.0,0.0,,,,,66.7,0.0,41.7,2.7,4.0,15.6,10.4
Benjamin Brahmer,WR/FLEX/SUPERFLEX,PSU,NW,4700,8.19,1.74,0,100,No,1,,24.5,55.3,-140,46.5,-2.5,0.0,0.1,4.0,4.1,0.9,0.0,0.0,0.0,0.0,0.0,0.0,0.0,,,,,55.0,0.8,33.3,2.8,5.0,12.1,6.7
Caleb Komolafe,RB/FLEX/SUPERFLEX,NW,PSU,5500,8.08,1.47,0,100,Yes,1,,22,55.3,116,46.5,2.5,0.0,10.0,0.7,10.7,1.9,0.0,0.0,0.0,0.0,0.0,0.0,0.0,3.8,9.0,0.3,34.0,100.0,0.0,22.3,2.0,2.0,11.2,11.2
Drew Wagner,WR/FLEX/SUPERFLEX,NW,PSU,4100,7.89,1.92,0,100,Yes,3,,22,55.3,116,46.5,2.5,0.0,0.8,5.0,5.8,1.4,0.0,0.0,0.0,0.0,0.0,0.0,0.0,9.3,1.5,0.0,14.0,53.3,0.0,26.0,2.7,5.0,9.8,5.2
Bryce Yates,WR/FLEX/SUPERFLEX,PITT,VATECH,4500,7.88,1.75,0,100,No,4,,26.25,46.8,107,54.5,2.0,0.0,0.1,3.5,3.6,0.8,0.0,0.0,0.0,0.0,0.0,0.0,0.0,,,,,100.0,0.3,48.3,3.3,3.3,14.8,14.8
Hayden Eligon,WR/FLEX/SUPERFLEX,NW,PSU,3500,7.16,2.05,0,100,Yes,2,PRO,22,55.3,116,46.5,2.5,0.0,0.1,4.0,4.1,1.2,0.0,0.0,0.0,0.0,0.0,0.0,0.0,,,,,100.0,0.0,8.0,1.0,1.0,8.0,8.0
Gavin Sawchuk,RB/FLEX/SUPERFLEX,NW,PSU,4600,6.93,1.51,0,100,Yes,2,,22,55.3,116,46.5,2.5,0.0,8.5,1.4,9.9,2.2,0.0,0.0,0.0,0.0,0.0,0.0,0.0,5.7,8.3,0.0,47.7,0.0,0.0,0.0,0.0,1.0,0.0,0.0
Quinton Martin,RB/FLEX/SUPERFLEX,PSU,NW,4900,5.94,1.21,0,100,No,3,,24.5,55.3,-140,46.5,-2.5,0.0,6.5,0.8,7.3,1.5,0.0,0.0,0.0,0.0,0.0,0.0,0.0,5.8,8.7,0.3,50.7,100.0,0.0,2.0,2.0,2.0,1.0,1.0
Joseph Himon,RB/FLEX/SUPERFLEX,NW,PSU,4700,5.84,1.24,0,100,Yes,3,,22,55.3,116,46.5,2.5,0.0,4.0,1.7,5.7,1.2,0.0,0.0,0.0,0.0,0.0,0.0,0.0,11.5,3.3,0.3,38.3,66.7,1.5,30.5,2.0,3.0,15.3,10.2
Alex Honig,WR/FLEX/SUPERFLEX,NW,PSU,3400,5.73,1.69,0,100,Yes,2,,22,55.3,116,46.5,2.5,0.0,0.0,3.0,3.0,0.9,0.0,0.0,0.0,0.0,0.0,0.0,0.0,,,,,83.3,0.5,39.5,2.5,3.0,15.8,13.2
Davion Brown,WR/FLEX/SUPERFLEX,VATECH,PITT,3700,4.69,1.27,0,100,Yes,3,,28.25,46.8,-128,54.5,-2.0,0.0,0.0,3.0,3.0,0.8,0.0,0.0,0.0,0.0,0.0,0.0,0.0,,,,,61.5,0.0,23.8,2.0,3.3,11.9,7.3
Marlion Jackson,WR/FLEX/SUPERFLEX,VATECH,PITT,3500,3.9,1.11,0,100,Yes,4,,28.25,46.8,-128,54.5,-2.0,0.0,0.0,2.5,2.5,0.7,0.0,0.0,0.0,0.0,0.0,0.0,0.0,,,,,57.1,0.5,23.5,2.0,3.5,11.8,6.7
Tyseer Denmark,WR/FLEX/SUPERFLEX,VATECH,PITT,3100,3.71,1.2,0,100,Yes,7,,28.25,46.8,-128,54.5,-2.0,0.0,0.0,2.0,2.0,0.6,0.0,0.0,0.0,0.0,0.0,0.0,0.0,-7.0,1.0,0.0,-7.0,100.0,0.0,19.7,1.7,1.7,11.8,11.8
Andrew Rappleyea,WR/FLEX/SUPERFLEX,PSU,NW,3500,3.57,1.02,0,100,No,2,,24.5,55.3,-140,46.5,-2.5,0.0,0.0,2.0,2.0,0.6,0.0,0.0,0.0,0.0,0.0,0.0,0.0,,,,,62.5,0.3,11.8,1.3,2.0,9.4,5.9
Ricky Ahumaraeze,WR/FLEX/SUPERFLEX,NW,PSU,3200,3.44,1.08,0,100,Yes,4,,22,55.3,116,46.5,2.5,0.0,0.0,3.0,3.0,0.9,0.0,0.0,0.0,0.0,0.0,0.0,0.0,,,,,37.5,0.0,19.0,1.0,2.7,19.0,7.1
Synkwan Smith,RB/FLEX/SUPERFLEX,PITT,VATECH,4500,3.41,0.76,0,100,No,5,,26.25,46.8,107,54.5,2.0,0.0,2.0,1.2,3.2,0.7,0.0,0.0,0.0,0.0,0.0,0.0,0.0,4.7,10.0,0.0,47.0,100.0,0.0,14.0,1.0,1.0,14.0,14.0
Cam Wallace,RB/FLEX/SUPERFLEX,PSU,NW,4200,3.35,0.8,0,100,No,4,,24.5,55.3,-140,46.5,-2.5,0.0,3.5,0.6,4.1,1.0,0.0,0.0,0.0,0.0,0.0,0.0,0.0,5.7,5.5,0.5,31.3,100.0,0.0,7.0,1.0,1.0,7.0,7.0
Tony Kinsler,WR/FLEX/SUPERFLEX,PITT,VATECH,3100,3.19,1.03,0,100,No,5,PRO,26.25,46.8,107,54.5,2.0,0.0,0.0,2.5,2.5,0.8,0.0,0.0,0.0,0.0,0.0,0.0,0.0,,,,,44.4,0.0,9.8,1.0,2.3,9.8,4.3
Benji Gosnell,WR/FLEX/SUPERFLEX,VATECH,PITT,3100,2.7,0.87,0,100,Yes,2,,28.25,46.8,-128,54.5,-2.0,0.0,0.0,2.0,2.0,0.6,0.0,0.0,0.0,0.0,0.0,0.0,0.0,,,,,50.0,0.0,6.0,1.3,2.7,4.5,2.3
Gabe Burkle,WR/FLEX/SUPERFLEX,PSU,NW,3100,1.75,0.56,0,100,No,3,,24.5,55.3,-140,46.5,-2.5,0.0,0.0,1.5,1.5,0.5,0.0,0.0,0.0,0.0,0.0,0.0,0.0,,,,,33.3,0.0,2.0,0.5,1.5,4.0,1.3
Nicco Marchiol,QB/SUPERFLEX,NW,PSU,6800,0.59,0.09,0,100,Yes,2,,22,55.3,116,46.5,2.5,1.0,0.3,0.0,0.3,0.2,0.0,0.0,0.0,0.0,0.0,0.0,0.0,19.0,1.0,0.0,19.0,,,,,,,
Alex Manske,QB/SUPERFLEX,PSU,NW,6500,0.59,0.09,0,100,No,2,,24.5,55.3,-140,46.5,-2.5,1.0,0.3,0.0,0.3,0.2,3.0,64.3,0.0,4.7,0.0,34.0,7.3,4.7,1.0,0.0,4.7,,,,,,,
Holden Geriner,QB/SUPERFLEX,PITT,VATECH,7700,0.55,0.07,0,100,No,2,,26.25,46.8,107,54.5,2.0,1.0,0.2,0.0,0.2,0.2,5.5,78.6,0.0,7.0,0.5,70.5,10.1,6.7,1.5,0.0,10.0,,,,,,,
Bryce Baker,QB/SUPERFLEX,VATECH,PITT,7300,0.48,0.07,0,100,Yes,2,,28.25,46.8,-128,54.5,-2.0,1.0,0.2,0.0,0.2,0.2,5.5,78.6,0.0,7.0,0.5,63.5,9.1,5.3,4.0,0.0,21.0,,,,,,,
Cam Sapp,WR/FLEX/SUPERFLEX,PITT,VATECH,3000,0,0,0,100,No,8,,26.25,46.8,107,54.5,2.0,0.0,0.0,0.0,0.0,0.0,0.0,0.0,0.0,0.0,0.0,0.0,0.0,,,,,,,,,,,
Shamarius Peterkin,WR/FLEX/SUPERFLEX,VATECH,PITT,3000,0,0,0,100,Yes,6,OUT,28.25,46.8,-128,54.5,-2.0,,,,,,,,,,,,,,,,,,,,,,,
Jeremy Washington,RB/FLEX/SUPERFLEX,PSU,NW,4000,0,0,0,100,No,-,,24.5,55.3,-140,46.5,-2.5,,,,,,,,,,,,,,,,,,,,,,,
D'Antae Sheffey,RB/FLEX/SUPERFLEX,PSU,NW,4000,0,0,0,100,No,5,,24.5,55.3,-140,46.5,-2.5,0.0,0.0,0.0,0.0,0.0,,,,,,,,,,,,,,,,,,
Johnny O'Brien,QB/SUPERFLEX,NW,PSU,4500,0,0,0,100,Yes,-,,22,55.3,116,46.5,2.5,0.0,0.0,0.0,0.0,0.0,,,,,,,,,,,,,,,,,,
Peyton Falzone,WR/FLEX/SUPERFLEX,PSU,NW,3000,0,0,0,100,No,-,,24.5,55.3,-140,46.5,-2.5,,,,,,,,,,,,,,,,,,,,,,,
Kase Evans,QB/SUPERFLEX,PSU,NW,4500,0,0,0,100,No,-,,24.5,55.3,-140,46.5,-2.5,,,,,,,,,,,,,,,,,,,,,,,
Luke Stuewe,WR/FLEX/SUPERFLEX,VATECH,PITT,3000,0,0,0,100,Yes,12,PRO,28.25,46.8,-128,54.5,-2.0,0.0,0.0,0.0,0.0,0.0,,,,,,,,,,,,,,,,,,
Keith Jones,WR/FLEX/SUPERFLEX,PSU,NW,3000,0,0,0,100,No,5,,24.5,55.3,-140,46.5,-2.5,0.0,0.0,0.0,0.0,0.0,0.0,0.0,0.0,0.0,0.0,0.0,0.0,,,,,,,,,,,
Tom McGlinchey,WR/FLEX/SUPERFLEX,NW,PSU,3000,0,0,0,100,Yes,-,OUT,22,55.3,116,46.5,2.5,,,,,,,,,,,,,,,,,,,,,,,
Drew Hube,WR/FLEX/SUPERFLEX,VATECH,PITT,3000,0,0,0,100,Yes,-,,28.25,46.8,-128,54.5,-2.0,,,,,,,,,,,,,,,,,,,,,,,
Amar''e Glover,RB/FLEX/SUPERFLEX,PSU,NW,4000,0,0,0,100,No,-,,24.5,55.3,-140,46.5,-2.5,,,,,,,,,,,,,,,,,,,,,,,
Jaden McDuffie,WR/FLEX/SUPERFLEX,NW,PSU,3000,0,0,0,100,Yes,11,OUT,22,55.3,116,46.5,2.5,,,,,,,,,,,,,,,,,,,,,,,
Justin Cook,RB/FLEX/SUPERFLEX,PITT,VATECH,4400,0,0,0,100,No,4,,26.25,46.8,107,54.5,2.0,0.0,0.0,0.0,0.0,0.0,0.0,0.0,0.0,0.0,0.0,0.0,0.0,36.5,1.0,0.5,36.5,100.0,0.0,7.0,1.0,1.0,7.0,7.0
Jaylin Brown,RB/FLEX/SUPERFLEX,PITT,VATECH,4300,0,0,0,100,No,6,,26.25,46.8,107,54.5,2.0,0.0,0.0,0.0,0.0,0.0,0.0,0.0,0.0,0.0,0.0,0.0,0.0,5.9,3.5,0.0,20.5,100.0,0.0,16.0,3.0,3.0,5.3,5.3
Beau Jackson,QB/SUPERFLEX,PITT,VATECH,4500,0,0,0,100,No,-,,26.25,46.8,107,54.5,2.0,0.0,0.0,0.0,0.0,0.0,,,,,,,,,,,,,,,,,,
Sean Morris,RB/FLEX/SUPERFLEX,NW,PSU,4000,0,0,0,100,Yes,-,,22,55.3,116,46.5,2.5,0.0,0.0,0.0,0.0,0.0,0.0,0.0,0.0,0.0,0.0,0.0,0.0,,,,,,,,,,,
Max Hunt,WR/FLEX/SUPERFLEX,PITT,VATECH,3000,0,0,0,100,No,-,,26.25,46.8,107,54.5,2.0,,,,,,,,,,,,,,,,,,,,,,,
Amarion Jackson,WR/FLEX/SUPERFLEX,PSU,NW,3000,0,0,0,100,No,-,,24.5,55.3,-140,46.5,-2.5,,,,,,,,,,,,,,,,,,,,,,,
Jake Lukac,WR/FLEX/SUPERFLEX,PSU,NW,3000,0,0,0,100,No,-,,24.5,55.3,-140,46.5,-2.5,,,,,,,,,,,,,,,,,,,,,,,
Troy Huhn,QB/SUPERFLEX,VATECH,PITT,4500,0,0,0,100,Yes,3,,28.25,46.8,-128,54.5,-2.0,0.0,0.0,0.0,0.0,0.0,,,,,,,,,,,,,,,,,,
Bryan Hamilton,WR/FLEX/SUPERFLEX,PITT,VATECH,3000,0,0,0,100,No,-,,26.25,46.8,107,54.5,2.0,,,,,,,,,,,,,,,,,,,,,,,
Pierce Petersohn,WR/FLEX/SUPERFLEX,VATECH,PITT,3000,0,0,0,100,Yes,5,,28.25,46.8,-128,54.5,-2.0,0.0,0.0,0.0,0.0,0.0,0.0,0.0,0.0,0.0,0.0,0.0,0.0,,,,,100.0,0.0,6.0,2.0,2.0,3.0,3.0
Darius Taylor,RB/FLEX/SUPERFLEX,VATECH,PITT,4000,0,0,0,100,Yes,6,,28.25,46.8,-128,54.5,-2.0,0.0,0.0,0.0,0.0,0.0,0.0,0.0,0.0,0.0,0.0,0.0,0.0,4.4,5.0,0.0,22.0,,,,,,,
Rodney Dunbar,WR/FLEX/SUPERFLEX,PITT,VATECH,3000,0,0,0,100,No,10,OUT,26.25,46.8,107,54.5,2.0,,,,,,,,,,,,,,,,,,,,,,,
Dylan Wester,WR/FLEX/SUPERFLEX,PITT,VATECH,3000,0,0,0,100,No,11,,26.25,46.8,107,54.5,2.0,0.0,0.0,0.0,0.0,0.0,0.0,0.0,0.0,0.0,0.0,0.0,0.0,,,,,100.0,0.0,19.0,2.0,2.0,9.5,9.5
Jordan Fields,WR/FLEX/SUPERFLEX,PITT,VATECH,3000,0,0,0,100,No,-,,26.25,46.8,107,54.5,2.0,,,,,,,,,,,,,,,,,,,,,,,
Messiah Mickens,RB/FLEX/SUPERFLEX,VATECH,PITT,4000,0,0,0,100,Yes,4,,28.25,46.8,-128,54.5,-2.0,0.0,0.0,0.0,0.0,0.0,0.0,0.0,0.0,0.0,0.0,0.0,0.0,4.3,4.0,0.0,17.0,,,,,,,
Wyatt Villarreal,WR/FLEX/SUPERFLEX,PITT,VATECH,3000,0,0,0,100,No,4,,26.25,46.8,107,54.5,2.0,0.0,0.0,0.0,0.0,0.0,0.0,0.0,0.0,0.0,0.0,0.0,0.0,,,,,,,,,,,
Zaky Roberts,RB/FLEX/SUPERFLEX,PITT,VATECH,4000,0,0,0,100,No,-,,26.25,46.8,107,54.5,2.0,,,,,,,,,,,,,,,,,,,,,,,
Ethan Shine,RB/FLEX/SUPERFLEX,PITT,VATECH,4200,0,0,0,100,No,7,,26.25,46.8,107,54.5,2.0,0.0,0.0,0.0,0.0,0.0,,,,,,,,,,,,,,,,,,
Corey Dailey,QB/SUPERFLEX,PITT,VATECH,4500,0,0,0,100,No,-,,26.25,46.8,107,54.5,2.0,0.0,0.0,0.0,0.0,0.0,3.0,60.0,0.0,5.0,1.0,57.0,11.4,,,,,,,,,,,
Luke Dehnicke,WR/FLEX/SUPERFLEX,NW,PSU,3800,0,0,0,100,Yes,1,OUT,22,55.3,116,46.5,2.5,,,,,,0.0,0.0,0.0,0.0,0.0,0.0,0.0,,,,,84.6,0.0,69.3,3.7,4.3,18.9,16.0
Brody Jones,WR/FLEX/SUPERFLEX,VATECH,PITT,3000,0,0,0,100,Yes,7,,28.25,46.8,-128,54.5,-2.0,0.0,0.0,0.0,0.0,0.0,0.0,0.0,0.0,0.0,0.0,0.0,0.0,,,,,,,,,,,
Hudson Zell,WR/FLEX/SUPERFLEX,VATECH,PITT,3000,0,0,0,100,Yes,-,,28.25,46.8,-128,54.5,-2.0,,,,,,,,,,,,,,,,,,,,,,,
Angelo Renda,QB/SUPERFLEX,PITT,VATECH,4500,0,0,0,100,No,-,,26.25,46.8,107,54.5,2.0,0.0,0.0,0.0,0.0,0.0,,,,,,,,,,,,,,,,,,
Bobby Mears,WR/FLEX/SUPERFLEX,PSU,NW,3000,0,0,0,100,No,-,,24.5,55.3,-140,46.5,-2.5,,,,,,,,,,,,,,,,,,,,,,,
Demetrice McCray,WR/FLEX/SUPERFLEX,PITT,VATECH,4400,0,0,0,100,No,6,,26.25,46.8,107,54.5,2.0,0.0,0.0,0.0,0.0,0.0,0.0,0.0,0.0,0.0,0.0,0.0,0.0,,,,,71.4,0.7,32.3,1.7,2.3,19.4,13.9
Elijah Lagg,WR/FLEX/SUPERFLEX,PITT,VATECH,3500,0,0,0,100,No,2,OUT,26.25,46.8,107,54.5,2.0,,,,,,0.0,0.0,0.0,0.0,0.0,0.0,0.0,,,,,70.0,0.3,19.0,1.8,2.5,10.9,7.6
Damon Ferguson,RB/FLEX/SUPERFLEX,PITT,VATECH,5700,0,0,0,100,No,-,,26.25,46.8,107,54.5,2.0,,,,,,,,,,,,,,,,,,,,,,,
Max Heffner,WR/FLEX/SUPERFLEX,PSU,NW,3000,0,0,0,100,No,-,,24.5,55.3,-140,46.5,-2.5,,,,,,,,,,,,,,,,,,,,,,,
Hank Lustig,WR/FLEX/SUPERFLEX,PSU,NW,3000,0,0,0,100,No,-,,24.5,55.3,-140,46.5,-2.5,,,,,,,,,,,,,,,,,,,,,,,
Jack Lesniewicz,WR/FLEX/SUPERFLEX,PITT,VATECH,3000,0,0,0,100,No,-,,26.25,46.8,107,54.5,2.0,,,,,,,,,,,,,,,,,,,,,,,
Ben Whitver,WR/FLEX/SUPERFLEX,PSU,NW,3000,0,0,0,100,No,-,,24.5,55.3,-140,46.5,-2.5,,,,,,,,,,,,,,,,,,,,,,,
Davin Friedman,QB/SUPERFLEX,PITT,VATECH,4500,0,0,0,100,No,-,,26.25,46.8,107,54.5,2.0,,,,,,,,,,,,,,,,,,,,,,,
Karon Brookins,WR/FLEX/SUPERFLEX,PSU,NW,3000,0,0,0,100,No,-,,24.5,55.3,-140,46.5,-2.5,,,,,,,,,,,,,,,,,,,,,,,
A.J. Brand,WR/FLEX/SUPERFLEX,VATECH,PITT,3200,0,0,0,100,Yes,-,,28.25,46.8,-128,54.5,-2.0,,,,,,,,,,,,,,,,,,,,,,,
Camp Magee,WR/FLEX/SUPERFLEX,NW,PSU,3000,0,0,0,100,Yes,-,,22,55.3,116,46.5,2.5,0.0,0.0,0.0,0.0,0.0,0.0,0.0,0.0,0.0,0.0,0.0,0.0,,,,,,,,,,,
Peter Gonzalez,WR/FLEX/SUPERFLEX,PSU,NW,3000,0,0,0,100,No,6,,24.5,55.3,-140,46.5,-2.5,0.0,0.0,0.0,0.0,0.0,0.0,0.0,0.0,0.0,0.0,0.0,0.0,,,,,,,,,,,
L.J. Booker,WR/FLEX/SUPERFLEX,VATECH,PITT,3000,0,0,0,100,Yes,11,OUT,28.25,46.8,-128,54.5,-2.0,,,,,,,,,,,,,,,,,,,,,,,
Chanz Wiggins,WR/FLEX/SUPERFLEX,VATECH,PITT,3000,0,0,0,100,Yes,9,,28.25,46.8,-128,54.5,-2.0,0.0,0.0,0.0,0.0,0.0,0.0,0.0,0.0,0.0,0.0,0.0,0.0,,,,,50.0,1.0,40.0,1.0,2.0,40.0,20.0
Keylen Adams,WR/FLEX/SUPERFLEX,VATECH,PITT,3000,0,0,0,100,Yes,8,,28.25,46.8,-128,54.5,-2.0,0.0,0.0,0.0,0.0,0.0,0.0,0.0,0.0,0.0,0.0,0.0,0.0,,,,,66.7,0.0,8.0,2.0,3.0,4.0,2.7
John Buetow,RB/FLEX/SUPERFLEX,VATECH,PITT,4000,0,0,0,100,Yes,7,,28.25,46.8,-128,54.5,-2.0,0.0,0.0,0.0,0.0,0.0,0.0,0.0,0.0,0.0,0.0,0.0,0.0,9.5,2.0,0.0,19.0,,,,,,,
Tyler Mason,RB/FLEX/SUPERFLEX,VATECH,PITT,4000,0,0,0,100,Yes,5,,28.25,46.8,-128,54.5,-2.0,0.0,0.0,0.0,0.0,0.0,0.0,0.0,0.0,0.0,0.0,0.0,0.0,3.2,2.5,0.0,8.0,,,,,,,
Bill Davis,RB/FLEX/SUPERFLEX,VATECH,PITT,4400,0,0,0,100,Yes,3,OUT,28.25,46.8,-128,54.5,-2.0,,,,,,,,,,,,,,,,,,,,,,,
Benny Haselrig,WR/FLEX/SUPERFLEX,PITT,VATECH,3000,0,0,0,100,No,9,,26.25,46.8,107,54.5,2.0,0.0,0.0,0.0,0.0,0.0,0.0,0.0,0.0,0.0,0.0,0.0,0.0,,,,,0.0,0.0,0.0,0.0,1.0,0.0,0.0
Adam Howanitz,WR/FLEX/SUPERFLEX,PITT,VATECH,3000,0,0,0,100,No,6,,26.25,46.8,107,54.5,2.0,0.0,0.0,0.0,0.0,0.0,0.0,0.0,0.0,0.0,0.0,0.0,0.0,,,,,,,,,,,
Frank Covey,WR/FLEX/SUPERFLEX,NW,PSU,3000,0,0,0,100,Yes,5,,22,55.3,116,46.5,2.5,0.0,0.0,0.0,0.0,0.0,0.0,0.0,0.0,0.0,0.0,0.0,0.0,,,,,0.0,0.0,0.0,0.0,1.0,0.0,0.0
Aidan Gray,QB/SUPERFLEX,NW,PSU,4500,0,0,0,100,Yes,-,,22,55.3,116,46.5,2.5,0.0,0.0,0.0,0.0,0.0,,,,,,,,,,,,,,,,,,
Truitt Brown,WR/FLEX/SUPERFLEX,PITT,VATECH,3000,0,0,0,100,No,-,,26.25,46.8,107,54.5,2.0,0.0,0.0,0.0,0.0,0.0,0.0,0.0,0.0,0.0,0.0,0.0,0.0,,,,,0.0,0.0,0.0,0.0,1.0,0.0,0.0
Ethan Black,WR/FLEX/SUPERFLEX,PSU,NW,3000,0,0,0,100,No,7,,24.5,55.3,-140,46.5,-2.5,0.0,0.0,0.0,0.0,0.0,0.0,0.0,0.0,0.0,0.0,0.0,0.0,,,,,,,,,,,
Finn Furmanek,WR/FLEX/SUPERFLEX,PSU,NW,3000,0,0,0,100,No,5,,24.5,55.3,-140,46.5,-2.5,0.0,0.0,0.0,0.0,0.0,0.0,0.0,0.0,0.0,0.0,0.0,0.0,,,,,50.0,0.0,15.5,0.5,1.0,31.0,15.5
Jack Lambert,QB/SUPERFLEX,PSU,NW,4500,0,0,0,100,No,4,,24.5,55.3,-140,46.5,-2.5,0.0,0.0,0.0,0.0,0.0,0.0,0.0,0.0,0.0,0.0,0.0,0.0,,,,,,,,,,,
Takye Heath,WR/FLEX/SUPERFLEX,VATECH,PITT,3000,0,0,0,100,Yes,5,OUT,28.25,46.8,-128,54.5,-2.0,,,,,,,,,,,,,,,,,,,,,,,
Ja'Ricous Hairston,WR/FLEX/SUPERFLEX,VATECH,PITT,3300,0,0,0,100,Yes,3,,28.25,46.8,-128,54.5,-2.0,0.0,0.0,0.0,0.0,0.0,0.0,0.0,0.0,0.0,0.0,0.0,0.0,,,,,100.0,0.3,23.3,1.3,1.3,17.5,17.5
Cole Reemsnyder,WR/FLEX/SUPERFLEX,VATECH,PITT,3000,0,0,0,100,Yes,6,,28.25,46.8,-128,54.5,-2.0,0.0,0.0,0.0,0.0,0.0,0.0,0.0,0.0,0.0,0.0,0.0,0.0,,,,,,,,,,,
Harrison Saint Germain,WR/FLEX/SUPERFLEX,VATECH,PITT,3000,0,0,0,100,Yes,4,,28.25,46.8,-128,54.5,-2.0,0.0,0.0,0.0,0.0,0.0,0.0,0.0,0.0,0.0,0.0,0.0,0.0,,,,,75.0,0.0,7.5,1.5,2.0,5.0,3.8
Connor Barry,QB/SUPERFLEX,PSU,NW,4500,0,0,0,100,No,3,,24.5,55.3,-140,46.5,-2.5,0.0,0.0,0.0,0.0,0.0,1.0,100.0,0.0,1.0,0.0,4.0,4.0,0.7,1.5,0.0,1.0,,,,,,,
Gavin Frakes,QB/SUPERFLEX,NW,PSU,4500,0,0,0,100,Yes,4,,22,55.3,116,46.5,2.5,0.0,0.0,0.0,0.0,0.0,,,,,,,,,,,,,,,,,,
Blake Van Buren,WR/FLEX/SUPERFLEX,NW,PSU,3000,0,0,0,100,Yes,3,,22,55.3,116,46.5,2.5,0.0,0.0,0.0,0.0,0.0,0.0,0.0,0.0,0.0,0.0,0.0,0.0,,,,,,,,,,,
Chris Petrucci,WR/FLEX/SUPERFLEX,NW,PSU,3000,0,0,0,100,Yes,5,OUT,22,55.3,116,46.5,2.5,,,,,,,,,,,,,,,,,,,,,,,
Logan Cunningham,WR/FLEX/SUPERFLEX,PSU,NW,3000,0,0,0,100,No,10,,24.5,55.3,-140,46.5,-2.5,0.0,0.0,0.0,0.0,0.0,0.0,0.0,0.0,0.0,0.0,0.0,0.0,2.0,1.0,0.0,2.0,,,,,,,
Tyreek Robinson,WR/FLEX/SUPERFLEX,PITT,VATECH,3600,0,0,0,100,No,7,,26.25,46.8,107,54.5,2.0,0.0,0.0,0.0,0.0,0.0,0.0,0.0,0.0,0.0,0.0,0.0,0.0,2.0,1.0,0.0,2.0,100.0,1.0,78.0,5.0,5.0,15.6,15.6
Kelden Ryan,QB/SUPERFLEX,VATECH,PITT,4500,0,0,0,100,Yes,-,,28.25,46.8,-128,54.5,-2.0,,,,,,,,,,,,,,,,,,,,,,,
Lyrick Samuel,WR/FLEX/SUPERFLEX,PSU,NW,3000,0,0,0,100,No,-,,24.5,55.3,-140,46.5,-2.5,,,,,,,,,,,,,,,,,,,,,,,
Brennan Saxe,WR/FLEX/SUPERFLEX,NW,PSU,3000,0,0,0,100,Yes,-,,22,55.3,116,46.5,2.5,,,,,,,,,,,,,,,,,,,,,,,
Dube Enongene,WR/FLEX/SUPERFLEX,NW,PSU,3000,0,0,0,100,Yes,-,,22,55.3,116,46.5,2.5,,,,,,,,,,,,,,,,,,,,,,,
Braden Blueitt,WR/FLEX/SUPERFLEX,NW,PSU,3000,0,0,0,100,Yes,-,,22,55.3,116,46.5,2.5,,,,,,,,,,,,,,,,,,,,,,,
Noah LaPorte,WR/FLEX/SUPERFLEX,NW,PSU,3000,0,0,0,100,Yes,-,,22,55.3,116,46.5,2.5,,,,,,,,,,,,,,,,,,,,,,,
Tyler Kielmeyer,WR/FLEX/SUPERFLEX,NW,PSU,3000,0,0,0,100,Yes,-,,22,55.3,116,46.5,2.5,,,,,,,,,,,,,,,,,,,,,,,
Robby Preckel,RB/FLEX/SUPERFLEX,NW,PSU,4100,0,0,0,100,Yes,-,,22,55.3,116,46.5,2.5,,,,,,,,,,,,,,,,,,,,,,,
Daniel Anderson,RB/FLEX/SUPERFLEX,NW,PSU,4000,0,0,0,100,Yes,-,,22,55.3,116,46.5,2.5,,,,,,,,,,,,,,,,,,,,,,,
Marcus Romain,RB/FLEX/SUPERFLEX,NW,PSU,4000,0,0,0,100,Yes,-,,22,55.3,116,46.5,2.5,,,,,,,,,,,,,,,,,,,,,,,
Koby Howard,WR/FLEX/SUPERFLEX,PSU,NW,5800,0,0,0,100,No,1,OUT,24.5,55.3,-140,46.5,-2.5,,,,,,0.0,0.0,0.0,0.0,0.0,0.0,0.0,12.0,1.0,0.5,12.0,75.0,0.7,114.7,4.0,5.3,28.7,21.5
Jeff Exinor,WR/FLEX/SUPERFLEX,VATECH,PITT,3000,0,0,0,100,Yes,-,,28.25,46.8,-128,54.5,-2.0,,,,,,,,,,,,,,,,,,,,,,,
Brian Kortovich,WR/FLEX/SUPERFLEX,PSU,NW,3000,0,0,0,100,No,-,,24.5,55.3,-140,46.5,-2.5,,,,,,,,,,,,,,,,,,,,,,,
Amah Agwu,WR/FLEX/SUPERFLEX,PITT,VATECH,3000,0,0,0,100,No,-,,26.25,46.8,107,54.5,2.0,0.0,0.0,0.0,0.0,0.0,,,,,,,,,,,,,,,,,,
Matt Henderson,WR/FLEX/SUPERFLEX,VATECH,PITT,3000,0,0,0,100,Yes,-,,28.25,46.8,-128,54.5,-2.0,,,,,,,,,,,,,,,,,,,,,,,
Zay Robinson,WR/FLEX/SUPERFLEX,PSU,NW,3900,0,0,0,100,No,-,,24.5,55.3,-140,46.5,-2.5,,,,,,,,,,,,,,,,,,,,,,,
Mar'Kel Porter,RB/FLEX/SUPERFLEX,NW,PSU,4000,0,0,0,100,Yes,7,,22,55.3,116,46.5,2.5,0.0,0.0,0.0,0.0,0.0,,,,,,,,,,,,,,,,,,
Cooper Alexander,WR/FLEX/SUPERFLEX,PSU,NW,3000,0,0,0,100,No,4,OUT,24.5,55.3,-140,46.5,-2.5,,,,,,,,,,,,,,,,,,,,,,,
Chase Farrell,WR/FLEX/SUPERFLEX,NW,PSU,3000,0,0,0,100,Yes,7,QUE,22,55.3,116,46.5,2.5,0.0,0.0,0.0,0.0,0.0,,,,,,,,,,,,,,,,,,
Malik Knight,WR/FLEX/SUPERFLEX,PITT,VATECH,3800,0,0,0,100,No,-,,26.25,46.8,107,54.5,2.0,,,,,,,,,,,,,,,,,,,,,,,
Carson Grove,WR/FLEX/SUPERFLEX,NW,PSU,3000,0,0,0,100,Yes,6,,22,55.3,116,46.5,2.5,0.0,0.0,0.0,0.0,0.0,0.0,0.0,0.0,0.0,0.0,0.0,0.0,,,,,,,,,,,
Cam Russell,WR/FLEX/SUPERFLEX,NW,PSU,3000,0,0,0,100,Yes,-,,22,55.3,116,46.5,2.5,0.0,0.0,0.0,0.0,0.0,,,,,,,,,,,,,,,,,,
Sean Winton,QB/SUPERFLEX,NW,PSU,4500,0,0,0,100,Yes,-,,22,55.3,116,46.5,2.5,0.0,0.0,0.0,0.0,0.0,,,,,,,,,,,,,,,,,,
Ryan Boe,QB/SUPERFLEX,NW,PSU,4500,0,0,0,100,Yes,3,,22,55.3,116,46.5,2.5,0.0,0.0,0.0,0.0,0.0,0.0,0.0,0.0,0.0,0.0,0.0,0.0,,,,,,,,,,,
Jacob Sassic,WR/FLEX/SUPERFLEX,PITT,VATECH,3000,0,0,0,100,No,-,,26.25,46.8,107,54.5,2.0,0.0,0.0,0.0,0.0,0.0,0.0,0.0,0.0,0.0,0.0,0.0,0.0,,,,,,,,,,,
Keaton Reinke,WR/FLEX/SUPERFLEX,NW,PSU,3000,0,0,0,100,Yes,8,,22,55.3,116,46.5,2.5,0.0,0.0,0.0,0.0,0.0,0.0,0.0,0.0,0.0,0.0,0.0,0.0,,,,,,,,,,,
