PLAYER,LOCK,CPTN,EXC,LIKE,POS,TEAM,OPP,SAL,FPTS,TM Score,Win %,ML,O/U,SPRD,1+ TD,2+ TD,3+ TD,O/U PSYD,O/U RUYD,O/U REYD,O/U REC,Ceil,Floor,RST%,VAL,Home?,INJ,Time (ET),PRECIP %,PRECIP,TEMP,WIND,L10 FPTS,L2 FPTS,L4 FPTS,L8 FPTS,AVG FPTS,Comp,Comp %,INT,Pass Att,Pass TD,Pass Yds,QBR,YPA,AVG,Rush Att,Rush TD,Rush Yds,Cat %,Rec TD,Rec Yds,REC,TAR,YPC,YPT,L8 Comp,L8 Comp %,L8 INT,L8 Pass Att,L8 Pass TD,L8 Pass Yds,L8 QBR,L8 YPA,L8 AVG,L8 Rush Att,L8 Rush TD,L8 Rush Yds,L8 Cat %,L8 Rec TD,L8 Rec Yds,L8 REC,L8 TAR,L8 YPC,L8 YPT,Opp PR,Opp PROE,Opp xPR,PR,PROE,xPR
Drew Allar,-,-,-,-,QB/CPTN/FLEX,PIT,CLE,6000,0,20.25,57.4,-149,38.0,-2.5,-,-,-,-,-,-,-,0.00,0.00,0.0,0,No,INA,2026-10-01 20:15:00,3,precipitation,77.2,14.4 SSW,0.0,0.0,0.0,0.0,0.0,-,-,-,-,-,-,-,-,-,-,-,-,-,-,-,-,-,-,-,-,-,-,-,-,-,-,-,-,-,-,-,-,-,-,-,-,-,-,-,-,-,-,-,-
Germie Bernard,-,-,-,-,WR/CPTN/FLEX,PIT,CLE,3200,2.29,20.25,57.4,-149,38.0,-2.5,1000,-,-,-,-,9.5,1.5,2.67,0.50,0.1,0.72,No,-,2026-10-01 20:15:00,3,precipitation,77.2,14.4 SSW,5.0,5.0,5.0,5.0,5.0,0.0,0.0,0.0,0.0,0.0,0.0,-,0.0,0.0,0.0,0.0,0.0,55.6,0.0,24.5,2.5,4.5,9.8,5.4,0.0,0.0,0.0,0.0,0.0,0.0,-,0.0,0.0,0.0,0.0,0.0,55.6,0.0,24.5,2.5,4.5,9.8,5.4,-,-,-,-,-,-,-
Isaiah Bond,-,-,-,-,WR/CPTN/FLEX,CLE,PIT,2000,2.59,17.75,42.6,125,38.0,2.5,2000,-,-,-,-,-,-,4.31,0.71,1.0,1.3,Yes,-,2026-10-01 20:15:00,3,precipitation,77.2,14.4 SSW,2.0,2.0,2.0,2.0,2.0,0.0,0.0,0.0,0.0,0.0,0.0,-,0.0,0.0,0.0,0.0,0.0,100.0,0.0,10.0,1.0,1.0,10.0,10.0,0.0,0.0,0.0,0.0,0.0,0.0,-,0.0,0.0,0.0,0.0,0.0,100.0,0.0,10.0,1.0,1.0,10.0,10.0,-,-,-,-,-,-,-
Denzel Boston,-,-,-,-,WR/CPTN/FLEX,CLE,PIT,8000,10.65,17.75,42.6,125,38.0,2.5,260,-,-,-,-,38.5,3.5,11.01,4.20,21.0,1.33,Yes,-,2026-10-01 20:15:00,3,precipitation,77.2,14.4 SSW,14.5,14.8,14.5,14.5,14.5,0.0,0.0,0.0,0.0,0.0,0.0,-,0.0,0.0,0.0,0.0,0.0,60.0,0.7,65.0,3.0,5.0,21.7,13.0,0.0,0.0,0.0,0.0,0.0,0.0,-,0.0,0.0,0.0,0.0,0.0,60.0,0.7,65.0,3.0,5.0,21.7,13.0,-,-,-,-,-,-
Chris Boswell,-,-,-,-,K/CPTN/FLEX,PIT,CLE,5200,7.63,20.25,57.4,-149,38.0,-2.5,-,-,-,-,-,-,-,8.84,5.37,34.3,1.47,No,-,2026-10-01 20:15:00,3,precipitation,77.2,14.4 SSW,0.0,0.0,0.0,0.0,0.0,-,-,-,-,-,-,-,-,-,-,-,-,-,-,-,-,-,-,-,-,-,-,-,-,-,-,-,-,-,-,-,-,-,-,-,-,-,-,-,-,-,-,-
Cleveland Browns,-,-,-,-,DST/CPTN/FLEX,CLE,PIT,4800,6,17.75,42.6,125,38.0,2.5,-,-,-,-,-,-,-,0.00,0.00,4.1,1.25,Yes,-,2026-10-01 20:15:00,3,precipitation,77.2,14.4 SSW,0.0,0.0,0.0,0.0,0.0,-,-,-,-,-,-,-,-,-,-,-,-,-,-,-,-,-,-,-,-,-,-,-,-,-,-,-,-,-,-,-,-,-,-,-,-,-,-,-,-,-,-,-
Cole Burgess,-,-,-,-,WR/CPTN/FLEX,PIT,CLE,200,0,20.25,57.4,-149,38.0,-2.5,-,-,-,-,-,-,-,0.00,0.00,0.0,0,No,IR,2026-10-01 20:15:00,3,precipitation,77.2,14.4 SSW,0.0,0.0,0.0,0.0,0.0,-,-,-,-,-,-,-,-,-,-,-,-,-,-,-,-,-,-,-,-,-,-,-,-,-,-,-,-,-,-,-,-,-,-,-,-,-,-,-,-,-,-,-,-
Michael Burton,-,-,-,-,FB/CPTN/FLEX,CLE,PIT,200,0,17.75,42.6,125,38.0,2.5,4000,-,-,-,-,-,-,0.00,0.00,0.0,0,Yes,-,2026-10-01 20:15:00,3,precipitation,77.2,14.4 SSW,0.0,0.0,0.0,0.0,0.0,0.0,0.0,0.0,0.0,0.0,0.0,-,0.0,0.0,0.0,0.0,0.0,0.0,0.0,0.0,0.0,1.0,0.0,0.0,0.0,0.0,0.0,0.0,0.0,0.0,-,0.0,0.0,0.0,0.0,0.0,0.0,0.0,0.0,0.0,1.0,0.0,0.0,-,-,-,-,-,-
KC Concepcion,-,-,-,-,WR/CPTN/FLEX,CLE,PIT,6400,9.56,17.75,42.6,125,38.0,2.5,350,-,-,-,0.5,36.5,4.5,9.43,2.13,12.3,1.49,Yes,-,2026-10-01 20:15:00,3,precipitation,77.2,14.4 SSW,6.6,5.6,6.6,6.6,6.6,0.0,0.0,0.0,0.0,0.0,0.0,-,0.0,2.3,1.3,0.0,3.0,60.0,0.0,26.7,4.0,6.7,6.7,4.0,0.0,0.0,0.0,0.0,0.0,0.0,-,0.0,2.3,1.3,0.0,3.0,60.0,0.0,26.7,4.0,6.7,6.7,4.0,-,-,-,-,-,-
Malachi Corley,-,-,-,-,WR/CPTN/FLEX,CLE,PIT,800,0.63,17.75,42.6,125,38.0,2.5,4000,-,-,-,-,-,-,0.98,0.05,0.0,0.79,Yes,-,2026-10-01 20:15:00,3,precipitation,77.2,14.4 SSW,0.0,0.0,0.0,0.0,0.0,-,-,-,-,-,-,-,-,-,-,-,-,-,-,-,-,-,-,-,-,-,-,-,-,-,-,-,-,-,-,-,-,-,-,-,-,-,-,-,-,-,-,-,-
Rico Dowdle,-,-,-,-,RB/CPTN/FLEX,PIT,CLE,6600,0,20.25,57.4,-149,38.0,-2.5,-,-,-,-,-,-,-,0.00,0.00,29.0,0,No,INA,2026-10-01 20:15:00,3,precipitation,77.2,14.4 SSW,5.3,6.4,5.3,5.3,5.3,0.0,0.0,0.0,0.0,0.0,0.0,-,0.0,2.5,7.5,0.0,18.5,57.1,0.0,14.0,2.0,3.5,7.0,4.0,0.0,0.0,0.0,0.0,0.0,0.0,-,0.0,2.5,7.5,0.0,18.5,57.1,0.0,14.0,2.0,3.5,7.0,4.0,-,-,-,-,-,-
Harold Fannin,-,-,-,-,TE/CPTN/FLEX,CLE,PIT,7400,11.75,17.75,42.6,125,38.0,2.5,285,-,-,-,-,41.5,4.5,9.56,4.86,33.8,1.59,Yes,-,2026-10-01 20:15:00,3,precipitation,77.2,14.4 SSW,13.9,18.8,13.9,13.9,13.9,0.0,0.0,0.0,0.0,0.0,0.0,-,0.0,0.0,0.0,0.0,0.0,77.8,0.7,42.0,4.7,6.0,9.0,7.0,0.0,0.0,0.0,0.0,0.0,0.0,-,0.0,0.0,0.0,0.0,0.0,77.8,0.7,42.0,4.7,6.0,9.0,7.0,-,-,-,-,-,-
Pat Freiermuth,-,-,-,-,TE/CPTN/FLEX,PIT,CLE,5600,7.9,20.25,57.4,-149,38.0,-2.5,390,-,-,-,-,27.5,3.5,6.38,2.67,10.1,1.41,No,-,2026-10-01 20:15:00,3,precipitation,77.2,14.4 SSW,10.4,6.3,10.4,10.4,10.4,0.0,0.0,0.0,0.0,0.0,0.0,-,0.0,1.5,0.7,0.0,1.0,78.6,0.3,36.0,3.7,4.7,9.8,7.7,0.0,0.0,0.0,0.0,0.0,0.0,-,0.0,1.5,0.7,0.0,1.0,78.6,0.3,36.0,3.7,4.7,9.8,7.7,-,-,-,-,-,-
Dillon Gabriel,-,-,-,-,QB/CPTN/FLEX,CLE,PIT,6000,0,17.75,42.6,125,38.0,2.5,-,-,-,-,-,-,-,0.00,0.00,0.0,0,Yes,IR-,2026-10-01 20:15:00,3,precipitation,77.2,14.4 SSW,0.0,0.0,0.0,0.0,0.0,-,-,-,-,-,-,-,-,-,-,-,-,-,-,-,-,-,-,-,-,-,-,-,-,-,-,-,-,-,-,-,-,-,-,-,-,-,-,-,-,-,-,-,-
Taylen Green,-,-,-,-,QB/CPTN/FLEX,CLE,PIT,6000,0,17.75,42.6,125,38.0,2.5,-,-,-,-,-,-,-,0.00,0.00,0.0,0,Yes,INA,2026-10-01 20:15:00,3,precipitation,77.2,14.4 SSW,0.0,0.0,0.0,0.0,0.0,-,-,-,-,-,-,-,-,-,-,-,-,-,-,-,-,-,-,-,-,-,-,-,-,-,-,-,-,-,-,-,-,-,-,-,-,-,-,-,-,-,-,-,-
Eli Heidenreich,-,-,-,-,RB/CPTN/FLEX,PIT,CLE,2200,0,20.25,57.4,-149,38.0,-2.5,-,-,-,-,-,-,-,0.00,0.00,0.0,0,No,INA,2026-10-01 20:15:00,3,precipitation,77.2,14.4 SSW,0.0,0.0,0.0,0.0,0.0,-,-,-,-,-,-,-,-,-,-,-,-,-,-,-,-,-,-,-,-,-,-,-,-,-,-,-,-,-,-,-,-,-,-,-,-,-,-,-,-,-,-,-,-
Travis Homer,-,-,-,-,RB/CPTN/FLEX,PIT,CLE,2600,3.75,20.25,57.4,-149,38.0,-2.5,1600,-,-,-,6.5,-,-,5.10,0.55,6.5,1.44,No,-,2026-10-01 20:15:00,3,precipitation,77.2,14.4 SSW,0.8,0.8,0.8,0.8,0.8,0.0,0.0,0.0,0.0,0.0,0.0,-,0.0,5.3,1.5,0.0,8.0,0.0,0.0,0.0,0.0,0.0,0.0,0.0,0.0,0.0,0.0,0.0,0.0,0.0,-,0.0,5.3,1.5,0.0,8.0,0.0,0.0,0.0,0.0,0.0,0.0,0.0,-,-,-,-,-,-
Will Howard,-,-,-,-,QB/CPTN/FLEX,PIT,CLE,6000,0,20.25,57.4,-149,38.0,-2.5,-,-,-,-,-,-,-,0.00,0.00,0.0,0,No,INA,2026-10-01 20:15:00,3,precipitation,77.2,14.4 SSW,0.0,0.0,0.0,0.0,0.0,-,-,-,-,-,-,-,-,-,-,-,-,-,-,-,-,-,-,-,-,-,-,-,-,-,-,-,-,-,-,-,-,-,-,-,-,-,-,-,-,-,-,-,-
Jerry Jeudy,-,-,-,-,WR/CPTN/FLEX,CLE,PIT,3000,3.67,17.75,42.6,125,38.0,2.5,850,-,-,-,-,14.5,1.5,5.77,0.70,2.2,1.22,Yes,-,2026-10-01 20:15:00,3,precipitation,77.2,14.4 SSW,2.3,0.0,2.3,2.3,2.3,0.0,0.0,0.0,0.0,0.0,0.0,-,0.0,0.0,0.0,0.0,0.0,40.0,0.0,13.0,1.0,2.5,13.0,5.2,0.0,0.0,0.0,0.0,0.0,0.0,-,0.0,0.0,0.0,0.0,0.0,40.0,0.0,13.0,1.0,2.5,13.0,5.2,-,-,-,-,-,-
Quinshon Judkins,-,-,-,-,RB/CPTN/FLEX,CLE,PIT,8800,10.88,17.75,42.6,125,38.0,2.5,140,-,-,-,56.5,11.5,1.5,13.46,4.06,6.2,1.24,Yes,-,2026-10-01 20:15:00,3,precipitation,77.2,14.4 SSW,9.9,9.9,9.9,9.9,9.9,0.0,0.0,0.0,0.0,0.0,0.0,-,0.0,3.0,14.0,0.0,41.3,100.0,0.0,17.7,3.0,3.0,5.9,5.9,0.0,0.0,0.0,0.0,0.0,0.0,-,0.0,3.0,14.0,0.0,41.3,100.0,0.0,17.7,3.0,3.0,5.9,5.9,-,-,-,-,-,-
Jaleel McLaughlin,-,-,-,-,RB/CPTN/FLEX,CLE,PIT,400,0.86,17.75,42.6,125,38.0,2.5,3000,-,-,-,-,-,-,1.65,0.10,28.3,2.15,Yes,-,2026-10-01 20:15:00,3,precipitation,77.2,14.4 SSW,0.3,0.3,0.3,0.3,0.3,0.0,0.0,0.0,0.0,0.0,0.0,-,0.0,3.0,1.0,0.0,3.0,0.0,0.0,0.0,0.0,1.0,0.0,0.0,0.0,0.0,0.0,0.0,0.0,0.0,-,0.0,3.0,1.0,0.0,3.0,0.0,0.0,0.0,0.0,1.0,0.0,0.0,-,-,-,-,-,-
G+ Metcalf,-,-,-,-,WR/CPTN/FLEX,PIT,CLE,9000,9.65,20.25,57.4,-149,38.0,-2.5,245,-,-,-,-,46.5,3.5,9.53,4.13,21.0,1.07,No,-,2026-10-01 20:15:00,3,precipitation,77.2,14.4 SSW,5.9,9.4,8.9,8.9,8.9,0.0,0.0,0.0,0.0,0.0,0.0,-,0.0,0.0,0.0,0.0,0.0,45.8,0.3,32.7,3.7,8.0,8.9,4.1,0.0,0.0,0.0,0.0,0.0,0.0,-,0.0,0.0,0.0,0.0,0.0,45.8,0.3,32.7,3.7,8.0,8.9,4.1,-,-,-,-,-,-
Lew Nichols,-,-,-,-,RB/CPTN/FLEX,PIT,CLE,1400,3.18,20.25,57.4,-149,38.0,-2.5,2200,-,-,-,-,-,-,4.39,1.04,26.4,2.27,No,-,2026-10-01 20:15:00,3,precipitation,77.2,14.4 SSW,0.0,0.0,0.0,0.0,0.0,0.0,0.0,0.0,0.0,0.0,0.0,0.0,-,0.0,0.0,1.0,0.0,0.0,0.0,0.0,0.0,0.0,0.0,0.0,0.0,0.0,0.0,0.0,0.0,0.0,0.0,-,0.0,0.0,1.0,0.0,0.0,0.0,0.0,0.0,0.0,0.0,0.0,0.0,0.0,-,-,-,-,-
Riley Nowakowski,-,-,-,-,FB/CPTN/FLEX,PIT,CLE,200,0.2,20.25,57.4,-149,38.0,-2.5,2800,-,-,-,-,-,-,0.15,0.08,0.4,1,No,-,2026-10-01 20:15:00,3,precipitation,77.2,14.4 SSW,0.0,0.0,0.0,0.0,0.0,-,-,-,-,-,-,-,-,-,-,-,-,-,-,-,-,-,-,-,-,-,-,-,-,-,-,-,-,-,-,-,-,-,-,-,-,-,-,-,-,-,-,-,-
Michael Pittman,-,-,-,-,WR/CPTN/FLEX,PIT,CLE,7000,9.37,20.25,57.4,-149,38.0,-2.5,360,-,-,-,-,34.5,3.5,9.43,3.14,20.7,1.34,No,-,2026-10-01 20:15:00,3,precipitation,77.2,14.4 SSW,6.2,3.6,6.2,6.2,6.2,0.0,0.0,0.0,0.0,0.0,0.0,-,0.0,0.0,0.0,0.0,0.0,62.5,0.0,37.0,2.5,4.0,14.8,9.3,0.0,0.0,0.0,0.0,0.0,0.0,-,0.0,0.0,0.0,0.0,0.0,62.5,0.0,37.0,2.5,4.0,14.8,9.3,-,-,-,-,-,-
Aaron Rodgers,-,-,-,-,QB/CPTN/FLEX,PIT,CLE,9800,13.98,20.25,57.4,-149,38.0,-2.5,1500,-,-,214.5,1.5,-,-,19.25,9.06,79.5,1.43,No,-,2026-10-01 20:15:00,3,precipitation,77.2,14.4 SSW,15.1,16.4,15.1,15.1,15.1,22.0,58.4,0.7,37.7,1.3,233.3,81.0,6.2,1.7,2.3,0.0,4.0,0.0,0.0,0.0,0.0,0.0,0.0,0.0,22.0,58.4,0.7,37.7,1.3,233.3,81.0,6.2,1.7,2.3,0.0,4.0,0.0,0.0,0.0,0.0,0.0,0.0,0.0,-,-,-,-,-,-
Joe Royer,-,-,-,-,TE/CPTN/FLEX,CLE,PIT,200,0,17.75,42.6,125,38.0,2.5,-,-,-,-,-,-,-,0.00,0.00,0.0,0,Yes,NFI,2026-10-01 20:15:00,3,precipitation,77.2,14.4 SSW,0.0,0.0,0.0,0.0,0.0,-,-,-,-,-,-,-,-,-,-,-,-,-,-,-,-,-,-,-,-,-,-,-,-,-,-,-,-,-,-,-,-,-,-,-,-,-,-,-,-,-,-,-,-
Mason Rudolph,-,-,-,-,QB/CPTN/FLEX,PIT,CLE,6000,0,20.25,57.4,-149,38.0,-2.5,-,-,-,-,-,-,-,0.00,0.00,0.0,0,No,-,2026-10-01 20:15:00,3,precipitation,77.2,14.4 SSW,0.3,0.3,0.3,0.3,0.3,0.0,0.0,0.0,1.0,0.0,0.0,39.6,0.0,3.0,1.0,0.0,3.0,0.0,0.0,0.0,0.0,0.0,0.0,0.0,0.0,0.0,0.0,1.0,0.0,0.0,39.6,0.0,3.0,1.0,0.0,3.0,0.0,0.0,0.0,0.0,0.0,0.0,0.0,-,-,-,-,-,-
Carsen Ryan,-,-,-,-,TE/CPTN/FLEX,CLE,PIT,200,0.21,17.75,42.6,125,38.0,2.5,4500,-,-,-,-,-,-,0.22,0.05,0.5,1.05,Yes,-,2026-10-01 20:15:00,3,precipitation,77.2,14.4 SSW,0.0,0.0,0.0,0.0,0.0,-,-,-,-,-,-,-,-,-,-,-,-,-,-,-,-,-,-,-,-,-,-,-,-,-,-,-,-,-,-,-,-,-,-,-,-,-,-,-,-,-,-,-,-
Dylan Sampson,-,-,-,-,RB/CPTN/FLEX,CLE,PIT,200,0,17.75,42.6,125,38.0,2.5,-,-,-,-,-,-,-,0.00,0.00,0.0,0,Yes,IR,2026-10-01 20:15:00,3,precipitation,77.2,14.4 SSW,0.0,0.0,0.0,0.0,0.0,-,-,-,-,-,-,-,-,-,-,-,-,-,-,-,-,-,-,-,-,-,-,-,-,-,-,-,-,-,-,-,-,-,-,-,-,-,-,-,-,-,-,-,-
Raheim Sanders,-,-,-,-,RB/CPTN/FLEX,CLE,PIT,4400,5.24,17.75,42.6,125,38.0,2.5,700,-,-,-,5.5,12.5,1.5,7.44,1.41,1.4,1.19,Yes,-,2026-10-01 20:15:00,3,precipitation,77.2,14.4 SSW,5.6,5.6,5.6,5.6,5.6,0.0,0.0,0.0,0.0,0.0,0.0,-,0.0,5.5,1.3,0.0,7.3,88.9,0.0,22.0,2.7,3.0,8.3,7.3,0.0,0.0,0.0,0.0,0.0,0.0,-,0.0,5.5,1.3,0.0,7.3,88.9,0.0,22.0,2.7,3.0,8.3,7.3,-,-,-,-,-,-
Shedeur Sanders,-,-,-,-,QB/CPTN/FLEX,CLE,PIT,6000,0,17.75,42.6,125,38.0,2.5,-,-,-,-,-,-,-,0.00,0.00,0.0,0,Yes,-,2026-10-01 20:15:00,3,precipitation,77.2,14.4 SSW,0.0,0.0,0.0,0.0,0.0,1.0,100.0,0.0,1.0,0.0,0.0,79.2,0.0,0.0,0.0,0.0,0.0,0.0,0.0,0.0,0.0,0.0,0.0,0.0,1.0,100.0,0.0,1.0,0.0,0.0,79.2,0.0,0.0,0.0,0.0,0.0,0.0,0.0,0.0,0.0,0.0,0.0,0.0,-,-,-,-,-,-
Ben Skowronek,-,-,-,-,WR/CPTN/FLEX,PIT,CLE,1200,0.23,20.25,57.4,-149,38.0,-2.5,1400,-,-,-,-,-,-,0.57,0.05,0.0,0.19,No,-,2026-10-01 20:15:00,3,precipitation,77.2,14.4 SSW,5.3,5.3,5.3,5.3,5.3,0.0,0.0,0.0,0.0,0.0,0.0,-,0.0,0.0,0.0,0.0,0.0,100.0,0.5,12.5,1.0,1.0,12.5,12.5,0.0,0.0,0.0,0.0,0.0,0.0,-,0.0,0.0,0.0,0.0,0.0,100.0,0.5,12.5,1.0,1.0,12.5,12.5,-,-,-,-,-,-
Pittsburgh Steelers,-,-,-,-,DST/CPTN/FLEX,PIT,CLE,5000,7.8,20.25,57.4,-149,38.0,-2.5,-,-,-,-,-,-,-,0.00,0.00,7.9,1.56,No,-,2026-10-01 20:15:00,3,precipitation,77.2,14.4 SSW,0.0,0.0,0.0,0.0,0.0,-,-,-,-,-,-,-,-,-,-,-,-,-,-,-,-,-,-,-,-,-,-,-,-,-,-,-,-,-,-,-,-,-,-,-,-,-,-,-,-,-,-,-,-
Andre Szmyt,-,-,-,-,K/CPTN/FLEX,CLE,PIT,4600,6.69,17.75,42.6,125,38.0,2.5,-,-,-,-,-,-,-,7.02,4.23,8.9,1.45,Yes,-,2026-10-01 20:15:00,3,precipitation,77.2,14.4 SSW,0.0,0.0,0.0,0.0,0.0,-,-,-,-,-,-,-,-,-,-,-,-,-,-,-,-,-,-,-,-,-,-,-,-,-,-,-,-,-,-,-,-,-,-,-,-,-,-,-,-,-,-,-,-
Robert Tonyan,-,-,-,-,TE/CPTN/FLEX,PIT,CLE,600,0.07,20.25,57.4,-149,38.0,-2.5,3500,-,-,-,-,-,-,0.05,0.02,0.0,0.12,No,-,2026-10-01 20:15:00,3,precipitation,77.2,14.4 SSW,1.2,1.2,1.2,1.2,1.2,0.0,0.0,0.0,0.0,0.0,0.0,-,0.0,0.0,0.0,0.0,0.0,100.0,0.0,2.0,1.0,1.0,2.0,2.0,0.0,0.0,0.0,0.0,0.0,0.0,-,0.0,0.0,0.0,0.0,0.0,100.0,0.0,2.0,1.0,1.0,2.0,2.0,-,-,-,-,-,-
Tylan Wallace,-,-,-,-,WR/CPTN/FLEX,CLE,PIT,1000,0,17.75,42.6,125,38.0,2.5,-,-,-,-,-,-,-,0.00,0.00,0.2,0,Yes,INA,2026-10-01 20:15:00,3,precipitation,77.2,14.4 SSW,0.0,0.0,0.0,0.0,0.0,-,-,-,-,-,-,-,-,-,-,-,-,-,-,-,-,-,-,-,-,-,-,-,-,-,-,-,-,-,-,-,-,-,-,-,-,-,-,-,-,-,-,-,-
Jaylen Warren,-,-,-,-,RB/CPTN/FLEX,PIT,CLE,9600,18.66,20.25,57.4,-149,38.0,-2.5,-105,-,-,-,76.5,26.5,3.5,21.97,7.83,46.8,1.94,No,-,2026-10-01 20:15:00,3,precipitation,77.2,14.4 SSW,15.9,16.7,15.9,15.9,15.9,0.0,0.0,0.0,0.0,0.0,0.0,-,0.0,5.7,12.7,0.0,72.0,71.4,0.0,36.7,3.3,4.7,11.0,7.9,0.0,0.0,0.0,0.0,0.0,0.0,-,0.0,5.7,12.7,0.0,72.0,71.4,0.0,36.7,3.3,4.7,11.0,7.9,-,-,-,-,-,-
Darnell Washington,-,-,-,-,TE/CPTN/FLEX,PIT,CLE,3600,3.34,20.25,57.4,-149,38.0,-2.5,550,-,-,-,-,16.5,1.5,3.14,0.76,0.4,0.93,No,-,2026-10-01 20:15:00,3,precipitation,77.2,14.4 SSW,5.1,5.7,5.1,5.1,5.1,0.0,0.0,0.0,0.0,0.0,0.0,-,0.0,0.0,0.0,0.0,0.0,75.0,0.0,30.7,2.0,2.7,15.3,11.5,0.0,0.0,0.0,0.0,0.0,0.0,-,0.0,0.0,0.0,0.0,0.0,75.0,0.0,30.7,2.0,2.7,15.3,11.5,-,-,-,-,-,-
Deshaun Watson,-,-,-,-,QB/CPTN/FLEX,CLE,PIT,9400,15.16,17.75,42.6,125,38.0,2.5,360,-,-,186.5,28.5,-,-,20.73,8.41,81.0,1.61,Yes,-,2026-10-01 20:15:00,3,precipitation,77.2,14.4 SSW,20.3,21.5,20.3,20.3,20.3,18.7,68.3,0.3,27.3,1.7,195.7,104.1,7.2,4.4,8.0,0.0,35.0,0.0,0.0,0.0,0.0,0.0,0.0,0.0,18.7,68.3,0.3,27.3,1.7,195.7,104.1,7.2,4.4,8.0,0.0,35.0,0.0,0.0,0.0,0.0,0.0,0.0,0.0,-,-,-,-,-,-
Kaden Wetjen,-,-,-,-,WR/CPTN/FLEX,PIT,CLE,200,0.14,20.25,57.4,-149,38.0,-2.5,2500,-,-,-,-,-,-,0.16,0.05,0.1,0.7,No,-,2026-10-01 20:15:00,3,precipitation,77.2,14.4 SSW,0.0,0.0,0.0,0.0,0.0,-,-,-,-,-,-,-,-,-,-,-,-,-,-,-,-,-,-,-,-,-,-,-,-,-,-,-,-,-,-,-,-,-,-,-,-,-,-,-,-,-,-,-,-
Blake Whiteheart,-,-,-,-,TE/CPTN/FLEX,CLE,PIT,1600,2.4,17.75,42.6,125,38.0,2.5,1100,-,-,-,-,0.5,0.5,2.86,0.67,4.2,1.5,Yes,-,2026-10-01 20:15:00,3,precipitation,77.2,14.4 SSW,5.6,8.7,5.6,5.6,5.6,0.0,0.0,0.0,0.0,0.0,0.0,-,0.0,0.0,0.0,0.0,0.0,66.7,0.5,15.5,1.0,1.5,15.5,10.3,0.0,0.0,0.0,0.0,0.0,0.0,-,0.0,0.0,0.0,0.0,0.0,66.7,0.5,15.5,1.0,1.5,15.5,10.3,-,-,-,-,-,-
Roman Wilson,-,-,-,-,WR/CPTN/FLEX,PIT,CLE,4000,5.17,20.25,57.4,-149,38.0,-2.5,475,-,-,-,-,22.5,2.5,5.16,1.25,3.3,1.29,No,-,2026-10-01 20:15:00,3,precipitation,77.2,14.4 SSW,10.5,11.4,10.5,10.5,10.5,0.0,0.0,0.0,0.0,0.0,0.0,-,0.0,0.0,0.0,0.0,0.0,61.1,0.3,38.0,3.7,6.0,10.4,6.3,0.0,0.0,0.0,0.0,0.0,0.0,-,0.0,0.0,0.0,0.0,0.0,61.1,0.3,38.0,3.7,6.0,10.4,6.3,-,-,-,-,-,-
